{
    "title": "Consultation Form",
    "layout": {
        "columns": 12,
        "gap": 16
    },
    "sections": [
        {
            "title": "Patient Details",
            "fields": [
                {
                    "type": "text",
                    "name": "patient_name",
                    "label": "Patient Name",
                    "placeholder": "Enter patient name",
                    "col": 6,
                    "required": true
                },
                {
                    "type": "number",
                    "name": "age",
                    "label": "Age",
                    "col": 6
                },
                {
                    "type": "select",
                    "name": "gender",
                    "label": "Gender",
                    "col": 6,
                    "dataKey": "gender",
                    "required": true
                },
                {
                    "type": "text",
                    "name": "permanent_address",
                    "label": "Permanent Address",
                    "col": 6,
                    "required": true
                }
            ]
        },

        {
            "title": "Consultation Details",
            "fields": [
                {
                    "type": "select",
                    "name": "doctor",
                    "label": "Doctor",
                    "placeholder": "Select doctor",
                    "col": 6,
                    "dataKey": "doctor"
                },
                {
                    "type": "date",
                    "name": "consultation_date",
                    "label": "Consultation Date",
                    "col": 6
                },
                {
                    "type": "textarea",
                    "name": "notes",
                    "label": "Notes",
                    "col": 12
                }
            ]
        }
    ],

    "submit": {
        "label": "Save Consultation",
        "url": "/consultation/store",
        "method": "POST"
    }
}
